{"data":{"actor":{"account":{"nrql":{"results":[{"beginTimeSeconds":1610972932,"endTimeSeconds":1611059332,"percentage":99.99950732606146},{"beginTimeSeconds":1611059332,"endTimeSeconds":1611145732,"percentage":99.99855187893708},{"beginTimeSeconds":1611145732,"endTimeSeconds":1611232132,"percentage":99.99806880525027},{"beginTimeSeconds":1611232132,"endTimeSeconds":1611318532,"percentage":99.99594364917434}]}}}}}