{"data":{"actor":{"account":{"nrql":{"results":[{"beginTimeSeconds":1611059325,"endTimeSeconds":1611145725,"millis":256.63488581429544},{"beginTimeSeconds":1611145725,"endTimeSeconds":1611232125,"millis":242.54225603022252},{"beginTimeSeconds":1611232125,"endTimeSeconds":1611318525,"millis":313.8095347573868}]}}}}}